"0","p1_scatter"
"2","Warning:"
"2"," Ignoring 1 observations
"
"2","Warning in RColorBrewer::brewer.pal(N, ""Set2"") :"
"2","
 "
"2"," n too large, allowed maximum for palette Set2 is 8
Returning the palette you asked for with that many colors

"
"2","Warning in RColorBrewer::brewer.pal(N, ""Set2"") :"
"2","
 "
"2"," n too large, allowed maximum for palette Set2 is 8
Returning the palette you asked for with that many colors

"
"2","Warning:"
"2"," Ignoring 1 observations
"
"2","Warning in RColorBrewer::brewer.pal(N, ""Set2"") :"
"2","
 "
"2"," n too large, allowed maximum for palette Set2 is 8
Returning the palette you asked for with that many colors

"
"2","Warning in RColorBrewer::brewer.pal(N, ""Set2"") :"
"2","
 "
"2"," n too large, allowed maximum for palette Set2 is 8
Returning the palette you asked for with that many colors

"
